Timestamp,BenchConfiguration,Run,Browser,CPU,Branch,Commit,RunningTime
2025-08-14T08:51:03.673Z,1,1,chromium,AMD Ryzen 9 7950X 16-Core Processor,main,1dfafe72bd0b3f26cd61d300e7c0ccabbe3ce3fa,211239
2025-08-14T08:54:26.182Z,2,1,chromium,AMD Ryzen 9 7950X 16-Core Processor,main,1dfafe72bd0b3f26cd61d300e7c0ccabbe3ce3fa,202293
2025-08-14T08:57:50.593Z,3,1,chromium,AMD Ryzen 9 7950X 16-Core Processor,main,1dfafe72bd0b3f26cd61d300e7c0ccabbe3ce3fa,204227
2025-08-14T09:01:15.177Z,4,1,chromium,AMD Ryzen 9 7950X 16-Core Processor,main,1dfafe72bd0b3f26cd61d300e7c0ccabbe3ce3fa,204408
2025-08-14T09:11:22.051Z,1,1,firefox,AMD Ryzen 9 7950X 16-Core Processor,main,1dfafe72bd0b3f26cd61d300e7c0ccabbe3ce3fa,605235
2025-08-14T09:21:27.817Z,2,1,firefox,AMD Ryzen 9 7950X 16-Core Processor,main,1dfafe72bd0b3f26cd61d300e7c0ccabbe3ce3fa,605274
2025-08-14T09:31:33.584Z,3,1,firefox,AMD Ryzen 9 7950X 16-Core Processor,main,1dfafe72bd0b3f26cd61d300e7c0ccabbe3ce3fa,605358
2025-08-14T09:41:41.923Z,4,1,firefox,AMD Ryzen 9 7950X 16-Core Processor,main,1dfafe72bd0b3f26cd61d300e7c0ccabbe3ce3fa,607898
2025-08-21T12:08:59.538Z,1,1,firefox,Intel(R) Xeon(R) CPU           E5645  @ 2.40GHz,main,cbad6126a2130ccb62bb0cabf378330c71111de6,613415
2025-08-21T12:19:22.213Z,2,1,firefox,Intel(R) Xeon(R) CPU           E5645  @ 2.40GHz,main,cbad6126a2130ccb62bb0cabf378330c71111de6,620846
2025-08-21T12:29:36.611Z,3,1,firefox,Intel(R) Xeon(R) CPU           E5645  @ 2.40GHz,main,cbad6126a2130ccb62bb0cabf378330c71111de6,612706
2025-08-21T12:39:47.618Z,4,1,firefox,Intel(R) Xeon(R) CPU           E5645  @ 2.40GHz,main,cbad6126a2130ccb62bb0cabf378330c71111de6,609118
2025-08-21T12:49:59.577Z,5,1,firefox,Intel(R) Xeon(R) CPU           E5645  @ 2.40GHz,main,cbad6126a2130ccb62bb0cabf378330c71111de6,610368
2025-08-21T13:00:11.512Z,6,1,firefox,Intel(R) Xeon(R) CPU           E5645  @ 2.40GHz,main,cbad6126a2130ccb62bb0cabf378330c71111de6,610257
2025-08-21T13:10:30.622Z,7,1,firefox,Intel(R) Xeon(R) CPU           E5645  @ 2.40GHz,main,cbad6126a2130ccb62bb0cabf378330c71111de6,617378
2025-08-21T11:55:09.074Z,1,1,chromium,AMD Ryzen 9 7950X 16-Core Processor,final_version,cbad6126a2130ccb62bb0cabf378330c71111de6,268401
2025-08-21T11:58:28.691Z,2,1,chromium,AMD Ryzen 9 7950X 16-Core Processor,final_version,cbad6126a2130ccb62bb0cabf378330c71111de6,199371
2025-08-21T12:01:52.158Z,3,1,chromium,AMD Ryzen 9 7950X 16-Core Processor,final_version,cbad6126a2130ccb62bb0cabf378330c71111de6,203259
2025-08-21T12:05:16.912Z,4,1,chromium,AMD Ryzen 9 7950X 16-Core Processor,final_version,cbad6126a2130ccb62bb0cabf378330c71111de6,204560
2025-08-21T12:15:18.003Z,5,1,chromium,AMD Ryzen 9 7950X 16-Core Processor,final_version,cbad6126a2130ccb62bb0cabf378330c71111de6,600845
2025-08-21T12:25:19.983Z,6,1,chromium,AMD Ryzen 9 7950X 16-Core Processor,final_version,cbad6126a2130ccb62bb0cabf378330c71111de6,601792
2025-08-21T12:28:39.399Z,7,1,chromium,AMD Ryzen 9 7950X 16-Core Processor,final_version,cbad6126a2130ccb62bb0cabf378330c71111de6,199233
2025-08-21T12:38:47.725Z,1,1,firefox,AMD Ryzen 9 7950X 16-Core Processor,final_version,cbad6126a2130ccb62bb0cabf378330c71111de6,606329
2025-08-21T12:48:54.991Z,2,1,firefox,AMD Ryzen 9 7950X 16-Core Processor,final_version,cbad6126a2130ccb62bb0cabf378330c71111de6,606751
2025-08-21T12:59:00.898Z,3,1,firefox,AMD Ryzen 9 7950X 16-Core Processor,final_version,cbad6126a2130ccb62bb0cabf378330c71111de6,605504
2025-08-21T13:09:03.553Z,4,1,firefox,AMD Ryzen 9 7950X 16-Core Processor,final_version,cbad6126a2130ccb62bb0cabf378330c71111de6,602216
2025-08-21T13:19:11.344Z,5,1,firefox,AMD Ryzen 9 7950X 16-Core Processor,final_version,cbad6126a2130ccb62bb0cabf378330c71111de6,607347
2025-08-21T13:29:19.089Z,6,1,firefox,AMD Ryzen 9 7950X 16-Core Processor,final_version,cbad6126a2130ccb62bb0cabf378330c71111de6,607295
2025-08-21T13:39:30.876Z,7,1,firefox,AMD Ryzen 9 7950X 16-Core Processor,final_version,cbad6126a2130ccb62bb0cabf378330c71111de6,611328
2025-08-21T13:24:07.822Z,1,1,chromium,Intel(R) Xeon(R) CPU           E5645  @ 2.40GHz,final_version,cbad6126a2130ccb62bb0cabf378330c71111de6,605629
2025-08-21T13:34:12.474Z,2,1,chromium,Intel(R) Xeon(R) CPU           E5645  @ 2.40GHz,final_version,cbad6126a2130ccb62bb0cabf378330c71111de6,603928
2025-08-21T13:44:19.714Z,3,1,chromium,Intel(R) Xeon(R) CPU           E5645  @ 2.40GHz,final_version,cbad6126a2130ccb62bb0cabf378330c71111de6,606560
2025-08-21T13:54:25.100Z,4,1,chromium,Intel(R) Xeon(R) CPU           E5645  @ 2.40GHz,final_version,cbad6126a2130ccb62bb0cabf378330c71111de6,604752
2025-08-21T14:04:31.318Z,5,1,chromium,Intel(R) Xeon(R) CPU           E5645  @ 2.40GHz,final_version,cbad6126a2130ccb62bb0cabf378330c71111de6,605355
2025-08-21T14:14:35.667Z,6,1,chromium,Intel(R) Xeon(R) CPU           E5645  @ 2.40GHz,final_version,cbad6126a2130ccb62bb0cabf378330c71111de6,603652
2025-08-21T14:24:38.900Z,7,1,chromium,Intel(R) Xeon(R) CPU           E5645  @ 2.40GHz,final_version,cbad6126a2130ccb62bb0cabf378330c71111de6,602221
2025-08-25T10:02:10.398Z,1,1,chromium,AMD Ryzen 9 7950X 16-Core Processor,final_version,e419f92661f5258a514e20fc17cab9986b4959f4,199160
2025-08-25T10:05:30.919Z,2,1,chromium,AMD Ryzen 9 7950X 16-Core Processor,final_version,e419f92661f5258a514e20fc17cab9986b4959f4,200195
2025-08-25T10:08:53.348Z,3,1,chromium,AMD Ryzen 9 7950X 16-Core Processor,final_version,e419f92661f5258a514e20fc17cab9986b4959f4,202146
2025-08-25T10:12:15.965Z,4,1,chromium,AMD Ryzen 9 7950X 16-Core Processor,final_version,e419f92661f5258a514e20fc17cab9986b4959f4,202296
2025-08-25T10:22:16.976Z,5,1,chromium,AMD Ryzen 9 7950X 16-Core Processor,final_version,e419f92661f5258a514e20fc17cab9986b4959f4,600709
2025-08-25T10:32:17.963Z,6,1,chromium,AMD Ryzen 9 7950X 16-Core Processor,final_version,e419f92661f5258a514e20fc17cab9986b4959f4,600703
2025-08-25T10:35:42.382Z,7,1,chromium,AMD Ryzen 9 7950X 16-Core Processor,final_version,e419f92661f5258a514e20fc17cab9986b4959f4,204130
2025-08-25T12:27:03.993Z,1,1,chromium,Apple M2,final_version,7e811b2ae99237d1b6ba735b53a4df9a841c9f77,191166
2025-08-25T12:30:15.351Z,2,1,chromium,Apple M2,final_version,7e811b2ae99237d1b6ba735b53a4df9a841c9f77,191006
2025-08-25T12:33:29.872Z,3,1,chromium,Apple M2,final_version,7e811b2ae99237d1b6ba735b53a4df9a841c9f77,194207
2025-08-25T12:36:45.328Z,4,1,chromium,Apple M2,final_version,7e811b2ae99237d1b6ba735b53a4df9a841c9f77,195103
2025-08-25T12:46:46.713Z,5,1,chromium,Apple M2,final_version,7e811b2ae99237d1b6ba735b53a4df9a841c9f77,601051
2025-08-25T12:56:48.146Z,6,1,chromium,Apple M2,final_version,7e811b2ae99237d1b6ba735b53a4df9a841c9f77,601101
2025-08-25T12:59:58.767Z,7,1,chromium,Apple M2,final_version,7e811b2ae99237d1b6ba735b53a4df9a841c9f77,190291
2025-08-25T13:10:04.398Z,1,1,firefox,Apple M2,final_version,7e811b2ae99237d1b6ba735b53a4df9a841c9f77,601782
2025-08-25T13:20:09.730Z,2,1,firefox,Apple M2,final_version,7e811b2ae99237d1b6ba735b53a4df9a841c9f77,604639
2025-08-25T13:30:17.312Z,3,1,firefox,Apple M2,final_version,7e811b2ae99237d1b6ba735b53a4df9a841c9f77,606978
2025-08-25T13:40:27.154Z,4,1,firefox,Apple M2,final_version,7e811b2ae99237d1b6ba735b53a4df9a841c9f77,609191
2025-08-25T13:50:31.366Z,5,1,firefox,Apple M2,final_version,7e811b2ae99237d1b6ba735b53a4df9a841c9f77,603531
2025-08-25T14:00:36.527Z,6,1,firefox,Apple M2,final_version,7e811b2ae99237d1b6ba735b53a4df9a841c9f77,604515
2025-08-25T14:10:46.654Z,7,1,firefox,Apple M2,final_version,7e811b2ae99237d1b6ba735b53a4df9a841c9f77,609482
2025-08-25T14:14:08.711Z,1,1,webkit,Apple M2,final_version,7e811b2ae99237d1b6ba735b53a4df9a841c9f77,196350
2025-08-25T14:17:21.872Z,2,1,webkit,Apple M2,final_version,7e811b2ae99237d1b6ba735b53a4df9a841c9f77,192490
2025-08-25T14:20:38.777Z,3,1,webkit,Apple M2,final_version,7e811b2ae99237d1b6ba735b53a4df9a841c9f77,196391
2025-08-25T14:23:58.857Z,4,1,webkit,Apple M2,final_version,7e811b2ae99237d1b6ba735b53a4df9a841c9f77,199509
2025-08-25T14:34:01.660Z,5,1,webkit,Apple M2,final_version,7e811b2ae99237d1b6ba735b53a4df9a841c9f77,602221
2025-08-25T14:44:03.449Z,6,1,webkit,Apple M2,final_version,7e811b2ae99237d1b6ba735b53a4df9a841c9f77,601261
2025-08-25T14:47:10.275Z,7,1,webkit,Apple M2,final_version,7e811b2ae99237d1b6ba735b53a4df9a841c9f77,186299
2025-08-25T13:57:55.809Z,1,1,firefox,AMD Ryzen 9 7950X 16-Core Processor,final_version,7e811b2ae99237d1b6ba735b53a4df9a841c9f77,605164
2025-08-25T14:08:00.590Z,2,1,firefox,AMD Ryzen 9 7950X 16-Core Processor,final_version,7e811b2ae99237d1b6ba735b53a4df9a841c9f77,604160
2025-08-25T14:18:06.466Z,3,1,firefox,AMD Ryzen 9 7950X 16-Core Processor,final_version,7e811b2ae99237d1b6ba735b53a4df9a841c9f77,605368
2025-08-25T14:28:14.003Z,4,1,firefox,AMD Ryzen 9 7950X 16-Core Processor,final_version,7e811b2ae99237d1b6ba735b53a4df9a841c9f77,606986
2025-08-25T14:38:18.757Z,5,1,firefox,AMD Ryzen 9 7950X 16-Core Processor,final_version,7e811b2ae99237d1b6ba735b53a4df9a841c9f77,604198
2025-08-25T14:48:26.521Z,6,1,firefox,AMD Ryzen 9 7950X 16-Core Processor,final_version,7e811b2ae99237d1b6ba735b53a4df9a841c9f77,607213
2025-08-25T14:58:37.253Z,7,1,firefox,AMD Ryzen 9 7950X 16-Core Processor,final_version,7e811b2ae99237d1b6ba735b53a4df9a841c9f77,610179
2025-08-25T16:08:47.698Z,6,1,chromium,Apple M2,final_version,d2a34ccf681bb6c0aa167c946b240c930499a684,299368
2025-08-25T16:18:58.096Z,6,1,firefox,Apple M2,final_version,d2a34ccf681bb6c0aa167c946b240c930499a684,607608
2025-08-25T16:23:50.467Z,6,1,webkit,Apple M2,final_version,d2a34ccf681bb6c0aa167c946b240c930499a684,290547
2025-08-25T16:47:08.262Z,7,1,chromium,Apple M2,final_version,d2a34ccf681bb6c0aa167c946b240c930499a684,192192
2025-08-25T16:57:15.364Z,7,1,firefox,Apple M2,final_version,d2a34ccf681bb6c0aa167c946b240c930499a684,604544
2025-08-25T17:00:26.606Z,7,1,webkit,Apple M2,final_version,d2a34ccf681bb6c0aa167c946b240c930499a684,189249
2025-08-25T17:14:37.102Z,8,1,chromium,Apple M2,final_version,f9a246ced250af3fee317fa0ac2994e819b5469c,242448
2025-08-25T17:24:52.568Z,8,1,firefox,Apple M2,final_version,f9a246ced250af3fee317fa0ac2994e819b5469c,612604
2025-08-25T17:29:14.942Z,8,1,webkit,Apple M2,final_version,f9a246ced250af3fee317fa0ac2994e819b5469c,260522
2025-08-25T20:57:39.627Z,1,1,chromium,Intel(R) Xeon(R) CPU           E5645  @ 2.40GHz,final_version,f9a246ced250af3fee317fa0ac2994e819b5469c,607155
2025-08-25T21:07:43.598Z,2,1,chromium,Intel(R) Xeon(R) CPU           E5645  @ 2.40GHz,final_version,f9a246ced250af3fee317fa0ac2994e819b5469c,603111
2025-08-25T21:17:49.684Z,3,1,chromium,Intel(R) Xeon(R) CPU           E5645  @ 2.40GHz,final_version,f9a246ced250af3fee317fa0ac2994e819b5469c,605283
2025-08-25T21:27:55.530Z,4,1,chromium,Intel(R) Xeon(R) CPU           E5645  @ 2.40GHz,final_version,f9a246ced250af3fee317fa0ac2994e819b5469c,605096
2025-08-25T21:37:59.253Z,5,1,chromium,Intel(R) Xeon(R) CPU           E5645  @ 2.40GHz,final_version,f9a246ced250af3fee317fa0ac2994e819b5469c,602899
2025-08-25T21:48:04.263Z,6,1,chromium,Intel(R) Xeon(R) CPU           E5645  @ 2.40GHz,final_version,f9a246ced250af3fee317fa0ac2994e819b5469c,604279
2025-08-25T21:58:07.083Z,7,1,chromium,Intel(R) Xeon(R) CPU           E5645  @ 2.40GHz,final_version,f9a246ced250af3fee317fa0ac2994e819b5469c,602049
2025-08-25T22:08:11.608Z,8,1,chromium,Intel(R) Xeon(R) CPU           E5645  @ 2.40GHz,final_version,f9a246ced250af3fee317fa0ac2994e819b5469c,603734
2025-08-25T22:35:52.728Z,6,1,chromium,AMD Ryzen 9 7950X 16-Core Processor,final_version,f9a246ced250af3fee317fa0ac2994e819b5469c,307294
2025-08-25T22:40:36.256Z,8,1,chromium,AMD Ryzen 9 7950X 16-Core Processor,final_version,f9a246ced250af3fee317fa0ac2994e819b5469c,220136
2025-08-26T00:33:20.841Z,1,1,chromium,Intel(R) Core(TM) i7-8550U CPU @ 1.80GHz,final_version,f9a246ced250af3fee317fa0ac2994e819b5469c,505593
2025-08-26T00:42:34.628Z,2,1,chromium,Intel(R) Core(TM) i7-8550U CPU @ 1.80GHz,final_version,f9a246ced250af3fee317fa0ac2994e819b5469c,553191
2025-08-26T00:52:10.218Z,3,1,chromium,Intel(R) Core(TM) i7-8550U CPU @ 1.80GHz,final_version,f9a246ced250af3fee317fa0ac2994e819b5469c,574991
2025-08-26T01:01:48.264Z,4,1,chromium,Intel(R) Core(TM) i7-8550U CPU @ 1.80GHz,final_version,f9a246ced250af3fee317fa0ac2994e819b5469c,577452
2025-08-26T01:11:51.316Z,5,1,chromium,Intel(R) Core(TM) i7-8550U CPU @ 1.80GHz,final_version,f9a246ced250af3fee317fa0ac2994e819b5469c,602426
2025-08-26T01:21:56.087Z,6,1,chromium,Intel(R) Core(TM) i7-8550U CPU @ 1.80GHz,final_version,f9a246ced250af3fee317fa0ac2994e819b5469c,604214
2025-08-26T01:31:19.777Z,7,1,chromium,Intel(R) Core(TM) i7-8550U CPU @ 1.80GHz,final_version,f9a246ced250af3fee317fa0ac2994e819b5469c,563111
2025-08-26T01:41:25.532Z,8,1,chromium,Intel(R) Core(TM) i7-8550U CPU @ 1.80GHz,final_version,f9a246ced250af3fee317fa0ac2994e819b5469c,605051
2025-08-26T01:51:43.437Z,1,1,firefox,Intel(R) Core(TM) i7-8550U CPU @ 1.80GHz,final_version,f9a246ced250af3fee317fa0ac2994e819b5469c,610438
2025-08-26T02:02:08.148Z,2,1,firefox,Intel(R) Core(TM) i7-8550U CPU @ 1.80GHz,final_version,f9a246ced250af3fee317fa0ac2994e819b5469c,621469
2025-08-26T02:12:13.659Z,3,1,firefox,Intel(R) Core(TM) i7-8550U CPU @ 1.80GHz,final_version,f9a246ced250af3fee317fa0ac2994e819b5469c,601969
2025-08-26T02:22:30.823Z,4,1,firefox,Intel(R) Core(TM) i7-8550U CPU @ 1.80GHz,final_version,f9a246ced250af3fee317fa0ac2994e819b5469c,614032
2025-08-26T02:32:39.664Z,5,1,firefox,Intel(R) Core(TM) i7-8550U CPU @ 1.80GHz,final_version,f9a246ced250af3fee317fa0ac2994e819b5469c,605852
2025-08-26T02:42:54.657Z,6,1,firefox,Intel(R) Core(TM) i7-8550U CPU @ 1.80GHz,final_version,f9a246ced250af3fee317fa0ac2994e819b5469c,611990
2025-08-26T02:53:10.667Z,7,1,firefox,Intel(R) Core(TM) i7-8550U CPU @ 1.80GHz,final_version,f9a246ced250af3fee317fa0ac2994e819b5469c,612949
2025-08-26T03:03:19.674Z,8,1,firefox,Intel(R) Core(TM) i7-8550U CPU @ 1.80GHz,final_version,f9a246ced250af3fee317fa0ac2994e819b5469c,605865
2025-08-26T03:13:26.566Z,1,1,webkit,Intel(R) Core(TM) i7-8550U CPU @ 1.80GHz,final_version,f9a246ced250af3fee317fa0ac2994e819b5469c,601958
2025-08-26T03:23:32.833Z,2,1,webkit,Intel(R) Core(TM) i7-8550U CPU @ 1.80GHz,final_version,f9a246ced250af3fee317fa0ac2994e819b5469c,603972
2025-08-26T03:33:36.705Z,3,1,webkit,Intel(R) Core(TM) i7-8550U CPU @ 1.80GHz,final_version,f9a246ced250af3fee317fa0ac2994e819b5469c,602093
2025-08-26T03:43:42.797Z,4,1,webkit,Intel(R) Core(TM) i7-8550U CPU @ 1.80GHz,final_version,f9a246ced250af3fee317fa0ac2994e819b5469c,604407
2025-08-26T03:53:45.871Z,5,1,webkit,Intel(R) Core(TM) i7-8550U CPU @ 1.80GHz,final_version,f9a246ced250af3fee317fa0ac2994e819b5469c,601197
2025-08-26T04:03:49.573Z,6,1,webkit,Intel(R) Core(TM) i7-8550U CPU @ 1.80GHz,final_version,f9a246ced250af3fee317fa0ac2994e819b5469c,601645
2025-08-26T04:13:56.075Z,7,1,webkit,Intel(R) Core(TM) i7-8550U CPU @ 1.80GHz,final_version,f9a246ced250af3fee317fa0ac2994e819b5469c,604546
2025-08-26T04:24:01.896Z,8,1,webkit,Intel(R) Core(TM) i7-8550U CPU @ 1.80GHz,final_version,f9a246ced250af3fee317fa0ac2994e819b5469c,603837
2025-08-26T08:51:06.093Z,1,1,chromium,Intel(R) Core(TM) i7-8550U CPU @ 1.80GHz,without_simd,f9a246ced250af3fee317fa0ac2994e819b5469c,603360
2025-08-26T08:20:23.060Z,1,1,webkit,AMD Ryzen 9 7950X 16-Core Processor,final_version,f9a246ced250af3fee317fa0ac2994e819b5469c,182144
2025-08-26T08:23:26.077Z,2,1,webkit,AMD Ryzen 9 7950X 16-Core Processor,final_version,f9a246ced250af3fee317fa0ac2994e819b5469c,182352
2025-08-26T08:26:32.869Z,3,1,webkit,AMD Ryzen 9 7950X 16-Core Processor,final_version,f9a246ced250af3fee317fa0ac2994e819b5469c,186173
2025-08-26T08:29:38.830Z,4,1,webkit,AMD Ryzen 9 7950X 16-Core Processor,final_version,f9a246ced250af3fee317fa0ac2994e819b5469c,185254
2025-08-26T08:39:35.187Z,5,1,webkit,AMD Ryzen 9 7950X 16-Core Processor,final_version,f9a246ced250af3fee317fa0ac2994e819b5469c,595750
2025-08-26T08:44:25.106Z,6,1,webkit,AMD Ryzen 9 7950X 16-Core Processor,final_version,f9a246ced250af3fee317fa0ac2994e819b5469c,289304
2025-08-26T08:47:29.899Z,7,1,webkit,AMD Ryzen 9 7950X 16-Core Processor,final_version,f9a246ced250af3fee317fa0ac2994e819b5469c,184136
2025-08-26T08:51:03.712Z,8,1,webkit,AMD Ryzen 9 7950X 16-Core Processor,final_version,f9a246ced250af3fee317fa0ac2994e819b5469c,213173
2025-08-26T12:03:53.169Z,1,1,chromium,Apple M2,without_simd,0221ce353bb083658a9c02f50fdf6909dab6dc90,486869
2025-08-26T12:11:59.364Z,2,1,chromium,Apple M2,without_simd,0221ce353bb083658a9c02f50fdf6909dab6dc90,485837
2025-08-26T12:20:20.806Z,3,1,chromium,Apple M2,without_simd,0221ce353bb083658a9c02f50fdf6909dab6dc90,501141
2025-08-26T12:29:08.803Z,4,1,chromium,Apple M2,without_simd,0221ce353bb083658a9c02f50fdf6909dab6dc90,527674
2025-08-26T12:34:24.518Z,5,1,chromium,Apple M2,without_simd,0221ce353bb083658a9c02f50fdf6909dab6dc90,315382
2025-08-26T12:37:57.012Z,6,1,chromium,Apple M2,without_simd,0221ce353bb083658a9c02f50fdf6909dab6dc90,212175
2025-08-26T12:46:03.945Z,7,1,chromium,Apple M2,without_simd,0221ce353bb083658a9c02f50fdf6909dab6dc90,486609
2025-08-26T12:50:59.568Z,8,1,chromium,Apple M2,without_simd,0221ce353bb083658a9c02f50fdf6909dab6dc90,295302
2025-08-26T13:01:07.988Z,1,1,firefox,Apple M2,without_simd,0221ce353bb083658a9c02f50fdf6909dab6dc90,605721
2025-08-26T13:11:16.149Z,2,1,firefox,Apple M2,without_simd,0221ce353bb083658a9c02f50fdf6909dab6dc90,607461
2025-08-26T13:21:27.793Z,3,1,firefox,Apple M2,without_simd,0221ce353bb083658a9c02f50fdf6909dab6dc90,611008
2025-08-26T13:31:36.392Z,4,1,firefox,Apple M2,without_simd,0221ce353bb083658a9c02f50fdf6909dab6dc90,607918
2025-08-26T13:41:49.062Z,5,1,firefox,Apple M2,without_simd,0221ce353bb083658a9c02f50fdf6909dab6dc90,611545
2025-08-26T13:52:08.309Z,6,1,firefox,Apple M2,without_simd,0221ce353bb083658a9c02f50fdf6909dab6dc90,618588
2025-08-26T14:02:14.664Z,7,1,firefox,Apple M2,without_simd,0221ce353bb083658a9c02f50fdf6909dab6dc90,605694
2025-08-26T14:12:19.816Z,8,1,firefox,Apple M2,without_simd,0221ce353bb083658a9c02f50fdf6909dab6dc90,604497
2025-08-26T14:20:47.945Z,1,1,webkit,Apple M2,without_simd,0221ce353bb083658a9c02f50fdf6909dab6dc90,505970
2025-08-26T14:29:21.952Z,2,1,webkit,Apple M2,without_simd,0221ce353bb083658a9c02f50fdf6909dab6dc90,513409
2025-08-26T14:38:03.796Z,3,1,webkit,Apple M2,without_simd,0221ce353bb083658a9c02f50fdf6909dab6dc90,521321
2025-08-26T14:46:44.641Z,4,1,webkit,Apple M2,without_simd,0221ce353bb083658a9c02f50fdf6909dab6dc90,520262
2025-08-26T14:51:55.609Z,5,1,webkit,Apple M2,without_simd,0221ce353bb083658a9c02f50fdf6909dab6dc90,310417
2025-08-26T14:55:21.504Z,6,1,webkit,Apple M2,without_simd,0221ce353bb083658a9c02f50fdf6909dab6dc90,205358
2025-08-26T15:03:30.115Z,7,1,webkit,Apple M2,without_simd,0221ce353bb083658a9c02f50fdf6909dab6dc90,488060
2025-08-26T15:08:47.267Z,8,1,webkit,Apple M2,without_simd,0221ce353bb083658a9c02f50fdf6909dab6dc90,316644
2025-08-26T09:05:04.978Z,1,1,chromium,AMD Ryzen 9 7950X 16-Core Processor,without_simd,0221ce353bb083658a9c02f50fdf6909dab6dc90,474513
2025-08-26T09:12:58.705Z,2,1,chromium,AMD Ryzen 9 7950X 16-Core Processor,without_simd,0221ce353bb083658a9c02f50fdf6909dab6dc90,473399
2025-08-26T09:21:04.550Z,3,1,chromium,AMD Ryzen 9 7950X 16-Core Processor,without_simd,0221ce353bb083658a9c02f50fdf6909dab6dc90,485543
2025-08-26T09:29:10.818Z,4,1,chromium,AMD Ryzen 9 7950X 16-Core Processor,without_simd,0221ce353bb083658a9c02f50fdf6909dab6dc90,485961
2025-08-26T09:34:15.435Z,5,1,chromium,AMD Ryzen 9 7950X 16-Core Processor,without_simd,0221ce353bb083658a9c02f50fdf6909dab6dc90,304301
2025-08-26T09:37:44.858Z,6,1,chromium,AMD Ryzen 9 7950X 16-Core Processor,without_simd,0221ce353bb083658a9c02f50fdf6909dab6dc90,209139
2025-08-26T09:45:39.644Z,7,1,chromium,AMD Ryzen 9 7950X 16-Core Processor,without_simd,0221ce353bb083658a9c02f50fdf6909dab6dc90,474496
2025-08-26T09:50:04.121Z,8,1,chromium,AMD Ryzen 9 7950X 16-Core Processor,without_simd,0221ce353bb083658a9c02f50fdf6909dab6dc90,264192
2025-08-26T10:00:11.905Z,1,1,firefox,AMD Ryzen 9 7950X 16-Core Processor,without_simd,0221ce353bb083658a9c02f50fdf6909dab6dc90,606209
2025-08-26T10:10:15.256Z,2,1,firefox,AMD Ryzen 9 7950X 16-Core Processor,without_simd,0221ce353bb083658a9c02f50fdf6909dab6dc90,602748
2025-08-26T10:20:24.097Z,3,1,firefox,AMD Ryzen 9 7950X 16-Core Processor,without_simd,0221ce353bb083658a9c02f50fdf6909dab6dc90,608317
2025-08-26T10:30:32.892Z,4,1,firefox,AMD Ryzen 9 7950X 16-Core Processor,without_simd,0221ce353bb083658a9c02f50fdf6909dab6dc90,608258
2025-08-26T10:40:38.614Z,5,1,firefox,AMD Ryzen 9 7950X 16-Core Processor,without_simd,0221ce353bb083658a9c02f50fdf6909dab6dc90,605191
2025-08-26T10:50:43.326Z,6,1,firefox,AMD Ryzen 9 7950X 16-Core Processor,without_simd,0221ce353bb083658a9c02f50fdf6909dab6dc90,604178
2025-08-26T11:00:48.067Z,7,1,firefox,AMD Ryzen 9 7950X 16-Core Processor,without_simd,0221ce353bb083658a9c02f50fdf6909dab6dc90,604189
2025-08-26T11:10:50.756Z,8,1,firefox,AMD Ryzen 9 7950X 16-Core Processor,without_simd,0221ce353bb083658a9c02f50fdf6909dab6dc90,602130
2025-08-26T11:18:25.710Z,1,1,webkit,AMD Ryzen 9 7950X 16-Core Processor,without_simd,0221ce353bb083658a9c02f50fdf6909dab6dc90,453553
2025-08-26T11:26:01.101Z,2,1,webkit,AMD Ryzen 9 7950X 16-Core Processor,without_simd,0221ce353bb083658a9c02f50fdf6909dab6dc90,454606
2025-08-26T11:33:41.355Z,3,1,webkit,AMD Ryzen 9 7950X 16-Core Processor,without_simd,0221ce353bb083658a9c02f50fdf6909dab6dc90,459637
2025-08-26T11:41:24.597Z,4,1,webkit,AMD Ryzen 9 7950X 16-Core Processor,without_simd,0221ce353bb083658a9c02f50fdf6909dab6dc90,462491
2025-08-26T11:46:31.651Z,5,1,webkit,AMD Ryzen 9 7950X 16-Core Processor,without_simd,0221ce353bb083658a9c02f50fdf6909dab6dc90,306346
2025-08-26T11:49:53.499Z,6,1,webkit,AMD Ryzen 9 7950X 16-Core Processor,without_simd,0221ce353bb083658a9c02f50fdf6909dab6dc90,201177
2025-08-26T11:57:27.710Z,7,1,webkit,AMD Ryzen 9 7950X 16-Core Processor,without_simd,0221ce353bb083658a9c02f50fdf6909dab6dc90,453586
2025-08-26T12:01:49.653Z,8,1,webkit,AMD Ryzen 9 7950X 16-Core Processor,without_simd,0221ce353bb083658a9c02f50fdf6909dab6dc90,261239

2025-08-26T17:46:40.137Z,1,1,chromium,Intel(R) Xeon(R) CPU           E5645  @ 2.40GHz,without_simd,ee57c607089f02049c63b1a6f0d83798231ad3ad,606204
2025-08-26T17:56:45.931Z,2,1,chromium,Intel(R) Xeon(R) CPU           E5645  @ 2.40GHz,without_simd,ee57c607089f02049c63b1a6f0d83798231ad3ad,605020
2025-08-26T18:06:56.021Z,3,1,chromium,Intel(R) Xeon(R) CPU           E5645  @ 2.40GHz,without_simd,ee57c607089f02049c63b1a6f0d83798231ad3ad,609157
2025-08-26T18:17:01.229Z,4,1,chromium,Intel(R) Xeon(R) CPU           E5645  @ 2.40GHz,without_simd,ee57c607089f02049c63b1a6f0d83798231ad3ad,604446
2025-08-26T18:27:09.862Z,5,1,chromium,Intel(R) Xeon(R) CPU           E5645  @ 2.40GHz,without_simd,ee57c607089f02049c63b1a6f0d83798231ad3ad,607809
2025-08-26T18:37:12.049Z,6,1,chromium,Intel(R) Xeon(R) CPU           E5645  @ 2.40GHz,without_simd,ee57c607089f02049c63b1a6f0d83798231ad3ad,601280
2025-08-26T18:47:17.437Z,7,1,chromium,Intel(R) Xeon(R) CPU           E5645  @ 2.40GHz,without_simd,ee57c607089f02049c63b1a6f0d83798231ad3ad,604568
2025-08-26T18:57:29.555Z,8,1,chromium,Intel(R) Xeon(R) CPU           E5645  @ 2.40GHz,without_simd,ee57c607089f02049c63b1a6f0d83798231ad3ad,611304
2025-08-26T19:11:00.804Z,1,1,webkit,Intel(R) Xeon(R) CPU           E5645  @ 2.40GHz,without_simd,ee57c607089f02049c63b1a6f0d83798231ad3ad,604008
2025-08-26T19:21:07.064Z,2,1,webkit,Intel(R) Xeon(R) CPU           E5645  @ 2.40GHz,without_simd,ee57c607089f02049c63b1a6f0d83798231ad3ad,603682
2025-08-26T19:31:17.864Z,3,1,webkit,Intel(R) Xeon(R) CPU           E5645  @ 2.40GHz,without_simd,ee57c607089f02049c63b1a6f0d83798231ad3ad,608167
2025-08-26T19:41:25.934Z,4,1,webkit,Intel(R) Xeon(R) CPU           E5645  @ 2.40GHz,without_simd,ee57c607089f02049c63b1a6f0d83798231ad3ad,605275
2025-08-26T19:51:31.756Z,5,1,webkit,Intel(R) Xeon(R) CPU           E5645  @ 2.40GHz,without_simd,ee57c607089f02049c63b1a6f0d83798231ad3ad,603185
2025-08-26T20:01:38.379Z,6,1,webkit,Intel(R) Xeon(R) CPU           E5645  @ 2.40GHz,without_simd,ee57c607089f02049c63b1a6f0d83798231ad3ad,603969
2025-08-26T20:11:46.784Z,7,1,webkit,Intel(R) Xeon(R) CPU           E5645  @ 2.40GHz,without_simd,ee57c607089f02049c63b1a6f0d83798231ad3ad,605674
2025-08-26T20:21:54.403Z,8,1,webkit,Intel(R) Xeon(R) CPU           E5645  @ 2.40GHz,without_simd,ee57c607089f02049c63b1a6f0d83798231ad3ad,605047
2025-08-27T09:43:04.510Z,5,1,chromium,Apple M2,final_version,7d7d096ca42e002003e8b9ffc085575282542256,637213
2025-08-27T10:38:45.150Z,5,1,webkit,Apple M2,final_version,7d7d096ca42e002003e8b9ffc085575282542256,622234
2025-08-27T12:23:50.690Z,1,1,webkit,AMD Ryzen 9 7950X 16-Core Processor,final_version,7d7d096ca42e002003e8b9ffc085575282542256,183153
2025-08-27T12:26:53.664Z,2,1,webkit,AMD Ryzen 9 7950X 16-Core Processor,final_version,7d7d096ca42e002003e8b9ffc085575282542256,182312
2025-08-27T12:30:00.452Z,3,1,webkit,AMD Ryzen 9 7950X 16-Core Processor,final_version,7d7d096ca42e002003e8b9ffc085575282542256,186168
2025-08-27T12:33:07.375Z,4,1,webkit,AMD Ryzen 9 7950X 16-Core Processor,final_version,7d7d096ca42e002003e8b9ffc085575282542256,186315
2025-08-27T12:43:32.790Z,5,1,webkit,AMD Ryzen 9 7950X 16-Core Processor,final_version,7d7d096ca42e002003e8b9ffc085575282542256,624818
2025-08-27T12:48:23.711Z,6,1,webkit,AMD Ryzen 9 7950X 16-Core Processor,final_version,7d7d096ca42e002003e8b9ffc085575282542256,290309
2025-08-27T12:51:27.478Z,7,1,webkit,AMD Ryzen 9 7950X 16-Core Processor,final_version,7d7d096ca42e002003e8b9ffc085575282542256,183137
2025-08-27T12:54:58.239Z,8,1,webkit,AMD Ryzen 9 7950X 16-Core Processor,final_version,7d7d096ca42e002003e8b9ffc085575282542256,210171
